Бренд ;Код ;Наименование ;Цена закупки;Киев1;Киев2;
555;555 SA-4791L;Важіль підвіски;890.53;>5;>5;UAH
555;555 SA-4791R;Важіль підвіски;890.53;>5;>5;UAH
555;555 SA-6181L;Важіль підвіски;1120.74;>5;5;UAH
555;555 SA-6181R;Важіль підвіски;1120.74;5;>5;UAH
555;555 SA-6185L;Важіль підвіски;618.85;>5;>5;UAH
555;555 SA-6185R;Важіль підвіски;618.85;>5;>5;UAH
555;555 SA-7754L;Важіль підвіски;1055.2;>5;5;UAH
555;555 SA-7754R;Важіль підвіски;1055.2;>5;1;UAH
555;555 SA-7755L;Важіль підвіски;1055.2;>5;5;UAH
555;555 SB-1392;Опора кульова;231.1;>5;>5;UAH
555;555 SB-1572;Опора кульова;277.32;>5;>5;UAH
555;555 SB-1631;Опора кульова;333.65;>5;>5;UAH
555;555 SB-1652;Опора кульова;235.56;>5;>5;UAH
555;555 SB-2852;Опора кульова;436.2;>5;>5;UAH
555;555 SB-2871;Опора кульова;472.02;;2;UAH
555;555 SB-2932;Опора кульова;392.8;1;;UAH
555;555 SB-2962;Опора кульова;285.05;>5;>5;UAH
555;555 SB-2992;Опора кульова;285.05;>5;>5;UAH
555;555 SB-3602;Опора кульова;239.28;>5;>5;UAH
555;555 SB-3642;Опора кульова;349.85;>5;>5;UAH
555;555 SB-3752L;Опора кульова;394.14;;>5;UAH
555;555 SB-3752R;Опора кульова;394.14;;2;UAH
555;555 SB-3812;Опора кульова;488.07;>5;>5;UAH
555;555 SB-3841;Опора кульова;349.55;>5;>5;UAH
555;555 SB-3842;Опора кульова;412.42;>5;>5;UAH
555;555 SB-3962;Опора кульова;417.92;>5;>5;UAH
555;555 SB-4592;Опора кульова;215.2;>5;>5;UAH
555;555 SB-4672;Опора кульова;295.75;>5;>5;UAH
555;555 SB-4742;Опора кульова;234.97;>5;>5;UAH
555;555 SB-4882;Опора кульова;318.94;;2;UAH
555;555 SB-4942;Опора кульова;347.62;>5;>5;UAH
555;555 SB-4952;Опора кульова;278.81;;1;UAH
555;555 SB-4981;Опора кульова;307.49;>5;>5;UAH
555;555 SB-4982;Опора кульова;351.63;>5;>5;UAH
555;555 SB-5302;Опора кульова;424.46;>5;>5;UAH
555;555 SB-5311;Опора кульова;397.11;>5;>5;UAH
555;555 SB-6102;Опора кульова;208.51;>5;>5;UAH
555;555 SB-6115;Опора кульова;203.61;>5;>5;UAH
555;555 SB-6182;Опора кульова;271.23;3;;UAH
555;555 SB-6185;Опора кульова;268.11;5;3;UAH
555;555 SB-6191;Опора кульова;285.5;;>5;UAH
555;555 SB-6192;Опора кульова;264.69;>5;>5;UAH
555;555 SB-6202;Опора кульова;271.83;>5;>5;UAH
555;555 SB-6242;Опора кульова;230.96;>5;>5;UAH
555;555 SB-6272;Опора кульова;252.06;>5;>5;UAH
555;555 SB-6302;Опора кульова;227.98;>5;>5;UAH
555;555 SB-6312;Опора кульова;304.97;>5;>5;UAH
555;555 SB-6382L;Опора кульова;341.97;>5;>5;UAH
555;555 SB-6382R;Опора кульова;345.39;>5;>5;UAH
555;555 SB-6412;Опора кульова;278.07;>5;4;UAH
555;555 SB-6642;Опора кульова;234.37;;>5;UAH
555;555 SB-7153;Опора кульова;257.11;>5;>5;UAH
555;555 SB-7252;Опора кульова;465.18;>5;>5;UAH
555;555 SB-7722L;Опора кульова;464.29;>5;>5;UAH
555;555 SB-7722R;Опора кульова;464.29;>5;>5;UAH
555;555 SB-7841;Опора кульова;358.03;>5;>5;UAH
555;555 SB-7842;Опора кульова;510.81;>5;>5;UAH
555;555 SB-7872;Опора кульова;363.82;>5;>5;UAH
555;555 SB-8012;Опора кульова;290.85;>5;>5;UAH
555;555 SB-8042;Опора кульова;295.46;>5;>5;UAH
555;555 SB-B072;Важіль підвіски;321.02;2;1;UAH
555;555 SB-H022;Опора кульова;402.76;1;>5;UAH
555;555 SB-H072;Опора кульова;341.53;>5;>5;UAH
555;555 SB-H112;Опора кульова;248.2;>5;>5;UAH
555;555 SB-N162;Опора кульова;264.54;>5;>5;UAH
555;555 SB-N281;Опора кульова;329.94;>5;2;UAH
555;555 SB-N332;Опора кульова;272.12;>5;>5;UAH
555;555 SB-T172L;Опора кульова;426.84;>5;>5;UAH
555;555 SB-T172R;Опора кульова;426.84;>5;>5;UAH
555;555 SB-T222;Опора кульова;433.08;>5;>5;UAH
555;555 SB-T286L;Опора кульова;487.62;>5;>5;UAH
555;555 SB-T286R;Опора кульова;487.62;>5;>5;UAH
555;555 SB-T291;Опора кульова;286.69;>5;>5;UAH
555;555 SB-T402;Опора кульова;417.03;>5;>5;UAH
555;555 SB-T432L;Опора кульова;474.4;>5;>5;UAH
555;555 SB-T432R;Опора кульова;474.4;>5;>5;UAH
555;555 SB-T522;Опора кульова;439.62;>5;>5;UAH
555;555 SBK-8076;Опора кульова;157.83;>5;>5;UAH
555;555 SBK-8082;Опора кульова;260.08;>5;>5;UAH
555;555 SBK-8092;Опора кульова;275.54;>5;>5;UAH
555;555 SBK-8101;Опора кульова;190.23;>5;>5;UAH
555;555 SBK-8102;Опора кульова;265.29;>5;>5;UAH
555;555 SE-1631L;Наконечник рульової тяги;303.63;>5;4;UAH
555;555 SE-1631R;Наконечник рульової тяги;303.63;>5;5;UAH
555;555 SE-1651L;Наконечник рульової тяги;284.61;4;>5;UAH
555;555 SE-1651R;Наконечник рульової тяги;284.61;5;>5;UAH
555;555 SE-1771L;Наконечник рульової тяги;429.96;>5;>5;UAH
555;555 SE-1771R;Наконечник рульової тяги;429.96;>5;>5;UAH
555;555 SE-1791L;Наконечник рульової тяги;290.55;>5;>5;UAH
555;555 SE-1791R;Наконечник рульової тяги;290.55;>5;>5;UAH
555;555 SE-2651;Наконечник рульової тяги;216.99;>5;>5;UAH
555;555 SE-3601L;Наконечник рульової тяги;227.69;>5;>5;UAH
555;555 SE-3601R;Наконечник рульової тяги;227.69;>5;>5;UAH
555;555 SE-3641L;Наконечник рульової тяги;231.7;>5;>5;UAH
555;555 SE-3641R;Наконечник рульової тяги;231.7;>5;>5;UAH
555;555 SE-3681;Наконечник рульової тяги;237.64;>5;>5;UAH
555;555 SE-3751L;Наконечник рульової тяги;271.23;>5;>5;UAH
555;555 SE-3751R;Наконечник рульової тяги;271.23;>5;>5;UAH
555;555 SE-3753L;Наконечник рульової тяги;354.61;>5;>5;UAH
AE;AE 21418 0.50MM;Поршень;806.33;2;;UAH
AE;AE 22074 STD;Поршень;219.74;2;;UAH
AE;AE 23824 1.00MM;Поршень;375.07;;1;UAH
AE;AE 23894 STD;Поршень;300.02;1;;UAH
AE;AE 24213 STD;Поршень;696.02;1;;UAH
AE;AE 350595 0.50MM;Поршень;1204.34;1;;UAH
AE;AE 350707 0.60MM;Поршень;919.85;;2;UAH
AE;AE 350831 STD;Поршень;404.66;1;;UAH
AE;AE A350508 STD;Поршень;591.71;1;;UAH
AE;AE A350671 0.60MM;Поршень;856.41;1;;UAH
AE;AE A350671 STD;Поршень;1433.4;2;;UAH
AE;AE A350678 STD;Поршень;1863.57;2;;UAH
AE;AE A350750 1.00MM;Поршень;728.39;1;;UAH
AE;AE A350778 STD;Поршень;505.54;1;;UAH
AE;AE A350782 0.50MM;Поршень;568.98;2;;UAH
AE;AE A350784 0.50MM;Поршень;809.16;1;;UAH
AE;AE A350853 STD;Поршень;1560.61;1;;UAH
AE;AE A350973 .040;Поршень;944.05;2;;UAH
AE;AE A350978 0.60MM;Поршень;1645.3;1;;UAH
AE;AE AEB2111 0.25MM;Вкладиші шатунні;47.91;1;;UAH
AE;AE AEB2111 STD;Вкладиші шатунні;128.67;1;1;UAH
AE;AE AEB4250 .010;Вкладиші шатунні;171.95;;3;UAH
AE;AE AEB4250 .020;Вкладиші шатунні;171.95;4;2;UAH
AE;AE AEB4319 0.75MM;Вкладиші шатунні;192.6;2;2;UAH
AE;AE AEB4319 STD;Вкладиші шатунні;93.03;2;2;UAH
AE;AE AEB4324 .020;Вкладиші шатунні;128.67;;1;UAH
AE;AE AEB4324 .030;Вкладиші шатунні;301.66;3;2;UAH
AE;AE AEB4324 .040;Вкладиші шатунні;128.67;4;2;UAH
AE;AE AEB4325 .020;Вкладиші шатунні;160.39;1;;UAH
AE;AE AEB4355 .020;Вкладиші шатунні;175.6;2;;UAH
AE;AE AEB4355 .030;Вкладиші шатунні;175.6;1;1;UAH
AE;AE AEB4499 0.50MM;Вкладиші шатунні;278.6;1;1;UAH
AE;AE AEB4514 0.25MM;Вкладиші шатунні;183.12;1;;UAH
AE;AE AEB4514 0.50MM;Вкладиші шатунні;206.83;1;;UAH
AE;AE AEB4528 0.25MM;Вкладиші шатунні;310.16;3;1;UAH
AE;AE AEB4528 0.50MM;Вкладиші шатунні;141.92;3;1;UAH
AE;AE AEB4602 0.25MM;Вкладиші шатунні;228.25;1;2;UAH
AE;AE AEB4602 0.50MM;Вкладиші шатунні;124.59;2;2;UAH
AE;AE AEB4602 0.75MM;Вкладиші шатунні;287.43;1;;UAH
AE;AE AEB4602 1.00MM;Вкладиші шатунні;299.2;2;2;UAH
AE;AE AEB4602 STD;Вкладиші шатунні;127.69;3;2;UAH
AE;AE AEB4609 1.00MM;Вкладиші шатунні;295.61;;1;UAH
AE;AE AEB4724 0.30MM;Вкладиші шатунні;256.86;3;2;UAH
AE;AE AEB4724 0.50MM;Вкладиші шатунні;109.05;1;1;UAH
AE;AE AEB4801 0.25;Вкладиші шатунні;800.66;1;;UAH
AE;AE AEB5018 1.00MM;Вкладиші шатунні;142.08;2;2;UAH
AE;AE AEB610123 0.75MM;Вкладиші шатунні;1181.12;1;1;UAH
AE;AE AEB6387 .010;Вкладиші шатунні;207.81;2;1;UAH
AE;AE AEB6470 STD;Вкладиші шатунні;461.23;3;4;UAH
AE;AE AEB6545 .010;Вкладиші шатунні;601.35;1;1;UAH
AE;AE AEB6545 .020;Вкладиші шатунні;265.36;2;1;UAH
AE;AE AEB6545 STD;Вкладиші шатунні;591.38;1;;UAH
AE;AE AEB6588 0.50MM;Вкладиші шатунні;248.36;1;;UAH
AE;AE AEB6588 0.75MM;Вкладиші шатунні;478.73;1;;UAH
AE;AE AEB91901 0.25MM;Вкладиші шатунні;460.52;>5;3;UAH
AE;AE AEB91901 0.50MM;Вкладиші шатунні;460.52;>5;3;UAH
AE;AE AEB91901 0.75MM;Вкладиші шатунні;460.52;4;2;UAH
AE;AE AEM3275 .020;Вкладиші коренні;163.01;2;1;UAH
AE;AE AEM3349 .020;Вкладиші коренні;246.88;1;1;UAH
AE;AE AEM3375 0.25MM;Вкладиші коренні;151.89;1;;UAH
AE;AE AEM3375 0.50MM;Вкладиші коренні;151.89;1;;UAH
AE;AE AEM4246 0.75MM;Вкладиші коренні;431.15;1;;UAH
AE;AE AEM5272 0.25MM;Вкладиші коренні;144.37;1;1;UAH
AE;AE AEM5288 0.75MM;Вкладиші коренні;499.66;2;1;UAH
AE;AE AEM5317 0.25MM;Вкладиші коренні;300.68;1;2;UAH
AE;AE AEM5339 0.50MM;Вкладиші коренні;418.23;1;1;UAH
AE;AE AEM5350 0.25MM;Вкладиші коренні;599.23;3;2;UAH
AE;AE AEM5378 .010;Вкладиші коренні;273.54;1;1;UAH
AE;AE AEM5378 .020;Вкладиші коренні;273.21;1;1;UAH
AE;AE AEM5378 .030;Вкладиші коренні;205.19;1;;UAH
AE;AE AEM5406 0.75MM;Вкладиші коренні;546.58;3;2;UAH
AE;AE AEM5406 1.00MM;Вкладиші коренні;207.97;1;;UAH
AE;AE AEM5422 1.00MM;Вкладиші коренні;224.49;1;;UAH
AE;AE AEM5468 .020;Вкладиші коренні;301.33;3;2;UAH
AE;AE AEM5509 1.00MM;Вкладиші коренні;214.02;1;;UAH
AE;AE AEM7228 .010;Вкладиші коренні;276.97;1;1;UAH
AE;AE AEM7331 0.25MM;Вкладиші коренні;345.8;1;;UAH
AE;AE AEM7337 STD;Вкладиші коренні;815.7;3;2;UAH
AE;AE AEM7411 STD;Вкладиші коренні;217.78;1;;UAH
AE;AE AEM91292 .020;Вкладиші коренні;510.67;;2;UAH
AE;AE AEW2208 STD;Вкладиші коренні;123.93;>5;3;UAH
AE;AE AEW2226 STD;Вкладиші коренні;156.63;>5;3;UAH
AE;AE AEW2263 STD;Вкладиші коренні;30.25;1;;UAH
AE;AE BP0491430;Поршень;1103.3;1;;UAH
AE;AE BP1294427;Поршень;1992.74;2;;UAH
AE;AE BP2151400;Поршень;1091.2;1;;UAH
AE;AE CAM316;Розподільчий вал;1476.24;;2;UAH
AE;AE CAM366;Розподільчий вал;1739.97;;1;UAH
AE;AE CAM373;Розподільчий вал;1279.22;>5;>5;UAH
AE;AE CAM378;Розподільчий вал;2340.5;1;3;UAH
AE;AE CAM383;Розподільчий вал;1487.69;;3;UAH
AE;AE CAM403;Розподільчий вал;2098.2;1;1;UAH
AE;AE CAM440;Розподільчий вал;1772.67;;1;UAH
AE;AE CAM442;Розподільчий вал;2273.63;1;2;UAH
AE;AE CAM641;Розподільчий вал;1762.53;1;1;UAH
AE;AE CAM648;Розподільчий вал;1393.84;1;3;UAH
AE;AE CAM650;Розподільчий вал;1537.39;1;;UAH
AE;AE CAM654;Розподільчий вал;2046.53;1;;UAH
ATHENA;AH 070414;Колінчастий вал;1195.18;1;;UAH
ATHENA;AH 073700;Деталі двигуна;4518.28;1;;UAH
ATHENA;AH FFC020;Фільтр масляний;16.56;1;;UAH
ATHENA;AH M730003452000;Деталі підвіски;63.77;4;2;UAH
ATHENA;AH M730900673000;Сальник;26.89;1;;UAH
ATHENA;AH M730900775000;Деталі підвіски;37.73;1;;UAH
ATHENA;AH M730902030002;Сальник;120.17;1;;UAH
ATHENA;AH M731102049501;Сальник;182.85;2;;UAH
ATHENA;AH M731501910000;Сальник;56.95;1;;UAH
ATHENA;AH MS200520120AA;Підшипник кульковий;268.4;1;;UAH
ATHENA;AH P400000140013;Ремкомплект карбюратора;123.72;1;;UAH
ATHENA;AH P400130450001;Сальники асортимент мото;147.55;1;;UAH
ATHENA;AH P40FORK455045;Сальники вилки;163.5;1;;UAH
ATHENA;AH S41000030P017;ролики варіатора;92.9;1;;UAH
ATHENA;AH S410210006052;Прокладка;29738;3;;UAH
ATHENA;AH S410485012010;Прокладка;13.36;>5;>5;UAH
ATHENA;AH S410510006099;Прокладка;21002;3;;UAH
ATHENA;AH S4F05400001C;Деталі двигуна;2509.51;1;;UAH
ADRIAUTO;AI AD01.0301;Трос газу;21.53;1;;UAH
ADRIAUTO;AI AD03.0326;Трос газу;75.75;;1;UAH
ADRIAUTO;AI AD05.1509;Трос спідометра;49.05;1;;UAH
ADRIAUTO;AI AD11.0363;Трос газу;30.79;1;;UAH
ADRIAUTO;AI AD11.0398;Трос газу;42.51;1;;UAH
ADRIAUTO;AI AD11.307.1;Трос газу;40.06;1;;UAH
ADRIAUTO;AI AD11.319.1;Трос газу;54.77;1;;UAH
ADRIAUTO;AI AD11.347.1;Трос газу;49.59;1;;UAH
ADRIAUTO;AI AD11.357.1;Трос газу;71.67;1;;UAH
ADRIAUTO;AI AD11.366.1;Трос газу;115.27;1;;UAH
ADRIAUTO;AI AD11.367.1;Трос газу;36.24;1;;UAH
ADRIAUTO;AI AD13.0606;РЕГУЛЯТОР;46.76;1;;UAH
ADRIAUTO;AI AD13.210.1;Трос ручного гальма;119.9;1;;UAH
ADRIAUTO;AI AD24.0200;Трос ручного гальма;44.96;2;2;UAH
ADRIAUTO;AI AD27.0226;Трос ручного гальма;168.13;1;;UAH
ADRIAUTO;AI AD33.0116;Трос зчеплення;62.95;1;;UAH
ADRIAUTO;AI AD33.0341;Трос газу;129.44;1;;UAH
ADRIAUTO;AI AD33.0357;Трос газу;101.1;;1;UAH
ADRIAUTO;AI AD35.0252;Трос ручного гальма;42.78;1;;UAH
ADRIAUTO;AI AD35.0336;Трос газу;44.69;2;;UAH
ADRIAUTO;AI AD35.1524;Трос спідометра;35.43;1;2;UAH
ADRIAUTO;AI AD41.0177;Трос зчеплення;144.86;1;;UAH
ADRIAUTO;AI AD41.0254;Трос ручного гальма;77.66;1;;UAH
ADRIAUTO;AI AD41.1536;Трос спідометра;65.4;1;;UAH
ADRIAUTO;AI AD55.0349;Трос газу;69.49;;1;UAH
ADRIAUTO;AI AD55.0360;Трос газу;42.78;;1;UAH
AJUSA;AJ 00155500;Прокладки двигуна;17.82;>5;2;UAH
AJUSA;AJ 00197700;Прокладки двигуна;47.74;>5;>5;UAH
AJUSA;AJ 00220700;Прокладки двигуна;28.78;>5;>5;UAH
AJUSA;AJ 00230100;Прокладки двигуна;47.09;5;>5;UAH
AJUSA;AJ 00243100;Прокладки двигуна;30.41;>5;>5;UAH
AJUSA;AJ 00243300;Прокладки двигуна;54.12;>5;>5;UAH
AJUSA;AJ 00263500;Прокладки двигуна;34.5;>5;>5;UAH
AJUSA;AJ 00291000;Прокладки двигуна;24.52;1;>5;UAH
AJUSA;AJ 00314400;Прокладки двигуна;41.86;>5;>5;UAH
AJUSA;AJ 00317500;Прокладки двигуна;42453;2;>5;UAH
AJUSA;AJ 00363100;Прокладки двигуна;33.03;>5;>5;UAH
AJUSA;AJ 00392500;Прокладки двигуна;47.91;>5;>5;UAH
AJUSA;AJ 00503800;Прокладки двигуна;39.73;;>5;UAH
AJUSA;AJ 00522900;Прокладки двигуна;21.42;>5;;UAH
AJUSA;AJ 00541300;Прокладки двигуна;29.59;>5;5;UAH
AJUSA;AJ 00559000;Прокладки двигуна;41.86;4;>5;UAH
AJUSA;AJ 00563800;Прокладки двигуна;86.16;;>5;UAH
AJUSA;AJ 00579300;Прокладки двигуна;38.26;>5;>5;UAH
AJUSA;AJ 00579600;Прокладки двигуна;34.99;>5;>5;UAH
AJUSA;AJ 00579900;Прокладки двигуна;32.21;>5;>5;UAH
AJUSA;AJ 00581000;Прокладки двигуна;43.82;1;>5;UAH
AJUSA;AJ 00619900;Прокладки двигуна;47.09;3;;UAH
AJUSA;AJ 00635600;Прокладки двигуна;35.32;4;>5;UAH
AJUSA;AJ 00636800;Прокладки двигуна;42.67;3;>5;UAH
AJUSA;AJ 00639900;Прокладки двигуна;50.69;>5;>5;UAH
AJUSA;AJ 00646600;Прокладки двигуна;71.12;;>5;UAH
AJUSA;AJ 00686200;Прокладки двигуна;36.13;4;5;UAH
AJUSA;AJ 00698000;Прокладки двигуна;282.53;>5;>5;UAH
AJUSA;AJ 00709600;Прокладки двигуна;151.56;>5;>5;UAH
AJUSA;AJ 00717600;Прокладки двигуна;84.53;;1;UAH
AJUSA;AJ 00726100;Прокладки двигуна;26.16;>5;1;UAH
AJUSA;AJ 00733800;Прокладка колектора двигуна гумова;77.01;4;3;UAH
AJUSA;AJ 00744900;Прокладки двигуна;24.69;1;4;UAH
AJUSA;AJ 00747800;Прокладки двигуна;57.39;1;3;UAH
AJUSA;AJ 00758800;Прокладки двигуна;69.32;>5;;UAH
AJUSA;AJ 00800500;Прокладки двигуна;58.21;>5;>5;UAH
AJUSA;AJ 00842200;Прокладки двигуна;74.07;>5;2;UAH
AJUSA;AJ 00847100;Прокладки двигуна;407.12;>5;>5;UAH
AJUSA;AJ 00855400;Прокладки двигуна;110.36;1;1;UAH
AJUSA;AJ 00864108;Прокладки двигуна;40.88;1;;UAH
AJUSA;AJ 00895800;Прокладка двигуна металева;79.95;>5;>5;UAH
AJUSA;AJ 00963400;Прокладки двигуна;50.69;2;>5;UAH
AJUSA;AJ 01018000;Прокладки двигуна;46.11;2;;UAH
AJUSA;AJ 01044600;Прокладки двигуна;97.28;>5;>5;UAH
AJUSA;AJ 01107400;Прокладки двигуна;70.96;1;>5;UAH
AJUSA;AJ 01110900;Прокладки двигуна;42.18;;>5;UAH
AJUSA;AJ 01111300;Прокладка колектора двигуна гумова;57.39;>5;>5;UAH
AJUSA;AJ 01117600;Прокладки двигуна;131.94;;1;UAH
AJUSA;AJ 01126900;Прокладки двигуна;82.89;4;5;UAH
AJUSA;AJ 01207000;Прокладки двигуна;123.28;;>5;UAH
AJUSA;AJ 01238300;Прокладки двигуна;164.97;;1;UAH
AJUSA;AJ 10005400;Прокладка головки блоку;197.18;>5;>5;UAH
AJUSA;AJ 10005500;Прокладка головки блоку;223.5;1;>5;UAH
AJUSA;AJ 10005700;Прокладка головки блоку;204.7;>5;4;UAH
AJUSA;AJ 10005800;Прокладка головки блоку;256.2;>5;4;UAH
AJUSA;AJ 10005900;Прокладка головки блоку;253.59;;>5;UAH
AJUSA;AJ 10006300;Прокладка головки блоку;365.59;;1;UAH
AJUSA;AJ 10006620;Прокладка головки блоку;263.51;;>5;UAH
AJUSA;AJ 10007100;Прокладка головки блоку;397.63;;>5;UAH
AJUSA;AJ 10009000;Прокладка головки блоку;406.46;3;>5;UAH
AJUSA;AJ 10012500;Прокладка головки блоку;210.59;>5;4;UAH
AJUSA;AJ 10012600;Прокладка головки блоку;210.42;>5;4;UAH
AJUSA;AJ 10012700;Прокладка головки блоку;185.08;2;1;UAH
AJUSA;AJ 10014400;Прокладка головки блоку;147.15;2;5;UAH
AJUSA;AJ 10015500;Прокладка головки блоку;218.6;>5;4;UAH
AJUSA;AJ 10016200;Прокладка головки блоку;218.93;2;1;UAH
AJUSA;AJ 10016500;Прокладка головки блоку;314.74;4;>5;UAH
AJUSA;AJ 10016700;Прокладка головки блоку;188.03;>5;5;UAH
AJUSA;AJ 10017810;Прокладка головки блоку;599.55;2;;UAH
AJUSA;AJ 10017820;Прокладка головки блоку;553.61;>5;>5;UAH
AJUSA;AJ 10018300;Прокладка головки блоку;305.15;>5;;UAH
AJUSA;AJ 10018400;Прокладка головки блоку;261.11;1;>5;UAH
AJUSA;AJ 10019800;Прокладка головки блоку;205.03;3;3;UAH
AJUSA;AJ 10020700;Прокладка головки блоку;286.12;1;1;UAH
AJUSA;AJ 10022400;Прокладка головки блоку;357.25;>5;5;UAH
AJUSA;AJ 10022500;Прокладка головки блоку;240.2;>5;5;UAH
AJUSA;AJ 10022800;Прокладка головки блоку;267.0;4;5;UAH
AJUSA;AJ 10023900;Прокладка головки блоку;136.03;1;>5;UAH
AJUSA;AJ 10025220;Прокладка головки блоку;371.31;;3;UAH
AJUSA;AJ 10025500;Прокладка головки блоку;251.14;5;>5;UAH
AJUSA;AJ 10025700;Прокладка головки блоку;233.64;;2;UAH
AJUSA;AJ 10026210;Прокладка головки блоку;386.51;2;;UAH
AJUSA;AJ 10026220;Прокладка головки блоку;398.78;2;>5;UAH
AJUSA;AJ 10026400;Прокладка головки блоку;336.32;>5;>5;UAH
AJUSA;AJ 10026410;Прокладка головки блоку;339.43;1;2;UAH
AJUSA;AJ 10026420;Прокладка головки блоку;335.99;1;>5;UAH
AJUSA;AJ 10027720;Прокладка головки блоку;627.02;>5;1;UAH
AJUSA;AJ 10028600;Прокладка головки блоку;254.9;>5;>5;UAH
AJUSA;AJ 10030900;Прокладка головки блоку;297.08;4;1;UAH
AJUSA;AJ 10031400;Прокладка головки блоку;199.47;;2;UAH
AJUSA;AJ 10031500;Прокладка головки блоку;193.58;;2;UAH
AJUSA;AJ 10032710;Прокладка головки блоку;644.84;4;1;UAH
AJUSA;AJ 10032720;Прокладка головки блоку;687.19;;>5;UAH
AJUSA;AJ 10033200;Прокладка головки блоку;227.43;2;1;UAH
AJUSA;AJ 10033321;Прокладка головки блоку;413.82;1;5;UAH
AJUSA;AJ 10036100;Прокладка головки блоку;156.96;5;3;UAH
AJUSA;AJ 10036200;Прокладка головки блоку;151.89;;1;UAH
AJUSA;AJ 10037600;Прокладка головки блоку;316.37;>5;4;UAH
AJUSA;AJ 10037900;Прокладка головки блоку;390.44;;2;UAH
AJUSA;AJ 10038000;Прокладка головки блоку;390.27;1;3;UAH
AJUSA;AJ 10038400;Прокладка головки блоку;489.68;;1;UAH
AJUSA;AJ 10040500;Прокладка головки блоку;297.24;>5;>5;UAH
AJUSA;AJ 10041500;Прокладка головки блоку;114.61;3;1;UAH
AJUSA;AJ 10041800;Прокладка головки блоку;206.66;;>5;UAH
AJUSA;AJ 10042500;Прокладка головки блоку;325.69;>5;;UAH
AJUSA;AJ 10042900;Прокладка головки блоку;380.79;5;1;UAH
AJUSA;AJ 10046220;Прокладка головки блоку;417.42;1;;UAH
AJUSA;AJ 10046700;Прокладка головки блоку;370.0;4;>5;UAH
AJUSA;AJ 10046710;Прокладка головки блоку;356.43;>5;>5;UAH
AJUSA;AJ 10046720;Прокладка головки блоку;366.08;2;>5;UAH
AJUSA;AJ 10049000;Прокладка головки блоку;210.59;4;;UAH
AJUSA;AJ 10049200;Прокладка головки блоку;371.96;1;;UAH
AJUSA;AJ 10063000;Прокладка головки блоку;823.55;3;>5;UAH
AJUSA;AJ 10063400;Прокладка головки блоку;331.41;>5;3;UAH
AJUSA;AJ 10063900;Прокладка головки блоку;402.9;;1;UAH
AJUSA;AJ 10064700;Прокладка головки блоку;151.24;;>5;UAH
AJUSA;AJ 10064800;Прокладка головки блоку;276.81;>5;1;UAH
AJUSA;AJ 10064900;Прокладка головки блоку;234.13;;>5;UAH
AJUSA;AJ 10065200;Прокладка головки блоку;319.64;;1;UAH
AJUSA;AJ 10065610;Прокладка головки блоку;318.5;;2;UAH
AJUSA;AJ 10065620;Прокладка головки блоку;391.09;2;>5;UAH
AJUSA;AJ 10066000;Прокладка головки блоку;262.42;>5;>5;UAH
AJUSA;AJ 10066210;Прокладка головки блоку;488.11;1;1;UAH
AJUSA;AJ 10066220;Прокладка головки блоку;413.16;>5;>5;UAH
AJUSA;AJ 10066700;Прокладка головки блоку;397.31;1;;UAH
AJUSA;AJ 10066800;Прокладка головки блоку;369.3;;2;UAH
AJUSA;AJ 10067800;Прокладка головки блоку;328.8;3;>5;UAH
AJUSA;AJ 10068000;Прокладка головки блоку;331.58;4;1;UAH
AJUSA;AJ 10068310;Прокладка головки блоку;407.12;;>5;UAH
AJUSA;AJ 10068320;Прокладка головки блоку;394.53;4;>5;UAH
AJUSA;AJ 10068500;Прокладка головки блоку;462.05;>5;>5;UAH
AJUSA;AJ 10069400;Прокладка головки блоку;429.02;2;>5;UAH
AJUSA;AJ 10070300;Прокладка головки блоку;408.59;>5;>5;UAH
AJUSA;AJ 10070310;Прокладка головки блоку;423.47;>5;;UAH
AJUSA;AJ 10070320;Прокладка головки блоку;390.76;2;;UAH
AJUSA;AJ 10070330;Прокладка головки блоку;408.59;>5;>5;UAH
AJUSA;AJ 10070400;Прокладка головки блоку;325.04;2;>5;UAH
AJUSA;AJ 10070720;Прокладка головки блоку;579.61;2;1;UAH
AJUSA;AJ 10071010;Прокладка головки блоку;776.22;3;1;UAH
AJUSA;AJ 10071310;Прокладка головки блоку;911.84;4;1;UAH
AJUSA;AJ 10071320;Прокладка головки блоку;917.73;;>5;UAH
AJUSA;AJ 10071500;Прокладка головки блоку;507.99;>5;>5;UAH
AJUSA;AJ 10071600;Прокладка головки блоку;237.57;;4;UAH
AJUSA;AJ 10072300;Прокладка головки блоку;216.8;;2;UAH
AJUSA;AJ 10072420;Прокладка головки блоку;357.9;;2;UAH
AJUSA;AJ 10072600;Прокладка головки блоку;155.16;4;2;UAH
AJUSA;AJ 10073900;Прокладка головки блоку;317.84;>5;>5;UAH
AJUSA;AJ 10074220;Прокладка головки блоку;636.83;2;>5;UAH
AJUSA;AJ 10074310;Прокладка головки блоку;553.45;5;;UAH
AJUSA;AJ 10074320;Прокладка головки блоку;575.68;5;2;UAH
AJUSA;AJ 10074820;Прокладка головки блоку;365.1;1;5;UAH
AJUSA;AJ 10075500;Прокладка головки блоку;397.96;1;2;UAH
AJUSA;AJ 10077100;Прокладка головки блоку;346.29;4;;UAH
AJUSA;AJ 10078500;Прокладка головки блоку;239.2;>5;;UAH
AJUSA;AJ 10078600;Прокладка головки блоку;213.2;3;>5;UAH
AJUSA;AJ 10078800;Прокладка головки блоку;289.72;2;1;UAH
AJUSA;AJ 10078900;Прокладка головки блоку;317.84;;3;UAH
AJUSA;AJ 10079000;Прокладка головки блоку;332.23;4;>5;UAH
AJUSA;AJ 10079100;Прокладка головки блоку;327.82;;>5;UAH
AJUSA;AJ 10079300;Прокладка головки блоку;314.57;3;2;UAH
AJUSA;AJ 10079700;Прокладка головки блоку;529.58;;>5;UAH
AJUSA;AJ 10079800;Прокладка головки блоку;520.09;;4;UAH
AJUSA;AJ 10080900;Прокладка головки блоку;234.46;3;3;UAH
AJUSA;AJ 10081220;Прокладка головки блоку;430.99;;1;UAH
AJUSA;AJ 10083000;Прокладка головки блоку;425.92;>5;>5;UAH
AJUSA;AJ 10083010;Прокладка головки блоку;443.58;;>5;UAH
AJUSA;AJ 10083400;Прокладка головки блоку;290.05;>5;>5;UAH
AJUSA;AJ 10083500;Прокладка головки блоку;382.92;1;1;UAH
AJUSA;AJ 10083600;Прокладка головки блоку;704.52;1;2;UAH
AJUSA;AJ 10084500;Прокладка головки блоку;310.0;2;3;UAH
AJUSA;AJ 10084600;Прокладка головки блоку;310.16;;>5;UAH
AJUSA;AJ 10085500;Прокладка головки блоку;290.38;1;;UAH
AJUSA;AJ 10086800;Прокладка головки блоку;166.77;1;;UAH
AJUSA;AJ 10088300;Прокладка головки блоку;381.94;1;;UAH
AJUSA;AJ 10088500;Прокладка головки блоку;390.44;2;;UAH
AJUSA;AJ 10089800;Прокладка головки блоку;412.51;2;;UAH
AJUSA;AJ 10090300;Прокладка головки блоку;683.43;1;2;UAH
AJUSA;AJ 10091100;Прокладка головки блоку;414.31;4;;UAH
AJUSA;AJ 10091400;Прокладка головки блоку;385.86;>5;5;UAH
AJUSA;AJ 10092500;Прокладка головки блоку;406.13;3;>5;UAH
AJUSA;AJ 10092600;Прокладка головки блоку;780.71;1;1;UAH
AJUSA;AJ 10093100;Прокладка головки блоку;966.78;>5;>5;UAH
AJUSA;AJ 10094800;Прокладка головки блоку;418.56;>5;3;UAH
AJUSA;AJ 10095000;Прокладка головки блоку;241.33;>5;>5;UAH
AJUSA;AJ 10095100;Прокладка головки блоку;385.7;>5;>5;UAH
AJUSA;AJ 10095110;Прокладка головки блоку;374.58;>5;;UAH
AJUSA;AJ 10095120;Прокладка головки блоку;355.45;>5;>5;UAH
AJUSA;AJ 10095600;Прокладка головки блоку;524.67;>5;1;UAH
AJUSA;AJ 10096200;Прокладка головки блоку;390.93;5;>5;UAH
AJUSA;AJ 10097500;Прокладка головки блоку;299.86;>5;3;UAH
AJUSA;AJ 10097720;Прокладка головки блоку;621.3;>5;1;UAH
AJUSA;AJ 10099600;Прокладка головки блоку;312.94;2;>5;UAH
AJUSA;AJ 10100120;Прокладка головки блоку;760.93;1;3;UAH
AJUSA;AJ 10100310;Прокладка головки блоку;370.65;2;1;UAH
AJUSA;AJ 10100400;Прокладка головки блоку;370.49;5;>5;UAH
AJUSA;AJ 10100410;Прокладка головки блоку;371.31;3;1;UAH
AJUSA;AJ 10100420;Прокладка головки блоку;386.19;3;>5;UAH
AJUSA;AJ 10100430;Прокладка головки блоку;382.26;2;>5;UAH
AJUSA;AJ 10100440;Прокладка головки блоку;386.19;1;>5;UAH
AJUSA;AJ 10100511;Прокладка головки блоку;412.02;3;4;UAH
AJUSA;AJ 10100531;Прокладка головки блоку;411.69;;3;UAH
AJUSA;AJ 10100541;Прокладка головки блоку;411.69;5;>5;UAH
AJUSA;AJ 10100700;Прокладка головки блоку;283.51;>5;>5;UAH
AJUSA;AJ 10102600;Прокладка головки блоку;486.58;;>5;UAH
AJUSA;AJ 10105700;Прокладка головки блоку;155.32;4;1;UAH
AJUSA;AJ 10105800;Прокладка головки блоку;219.09;>5;;UAH
AJUSA;AJ 10107900;Прокладка головки блоку;834.5;;>5;UAH
AJUSA;AJ 10109600;Прокладка головки блоку;440.47;3;2;UAH
AJUSA;AJ 10109700;Прокладка головки блоку;412.02;5;>5;UAH
AJUSA;AJ 10110100;Прокладка головки блоку;564.73;3;>5;UAH
AJUSA;AJ 10110120;Прокладка головки блоку;564.57;;4;UAH
AJUSA;AJ 10111000;Прокладка головки блоку;451.59;>5;>5;UAH
AJUSA;AJ 10111200;Прокладка головки блоку;766.49;>5;>5;UAH
AJUSA;AJ 10111500;Прокладка головки блоку;337.63;;>5;UAH
AJUSA;AJ 10111510;Прокладка головки блоку;333.54;5;>5;UAH
APL;AP LK15358;Циліндр гальмівний робочий;140.34;1;;UAH
APL;AP LK15809;Циліндр гальмівний робочий;26.98;3;2;UAH
APL;AP LK34081;Циліндр гальмівний робочий;26.99;2;1;UAH
APL;AP LK43317W;Циліндр гальмівний робочий;26.100;1;;UAH
APL;AP LK60181;Циліндр гальмівний робочий;26.101;1;;UAH
APL;AP LW21701;Циліндр гальмівний робочий;561.62;1;;UAH
APL;AP LW70085;Циліндр гальмівний робочий;82.3;1;;UAH
APL;AP LW70103;Циліндр гальмівний робочий;256.69;1;;UAH
APL;AP LW70105;Циліндр гальмівний робочий;265.69;1;;UAH
APL;AP LW70107;Циліндр гальмівний робочий;238.98;;1;UAH
APL;AP LW70109;Циліндр гальмівний робочий;104.91;1;;UAH
APL;AP LW70181;Циліндр гальмівний робочий;329.18;1;;UAH
AT;AT 1001-001B;Ремкомплект;117.83;;1;UAH
AT;AT 1001-010VB;Вакуумний підсилювач гальм;497.04;1;;UAH
AT;AT 1002-001B;Ремкомплект;117.83;;1;UAH
AT;AT 1070-001BD;Комплект дисків гальмівних;422.1;;1;UAH
AT;AT 1078-031BD;Комплект дисків гальмівних;585.6;1;;UAH
AT;AT 301NE;Високовольтні кабелі;55.86;1;;UAH
AT;AT 3020-001G;Прокладка Вихлопної Системи;55.87;>5;4;UAH
AT;AT 3037-213R;Кріплення вихлопної системи;28.71;>5;>5;UAH
AT;AT 3050/3064-001TR;Наконечник рульової тяги;123.35;2;2;UAH
AT;AT 310;Підшипник кульковий;68.54;5;2;UAH
AT;AT 4057-008TR-20;Наконечник рульової тяги;69.85;1;;UAH
AT;AT 4180-001R;Сайлентблок;69.11;>5;2;UAH
AT;AT 45NE;Високовольтні кабелі;99.74;2;2;UAH
AT;AT 7010-406WP-1;Насос водяний;351.73;1;;UAH
AT;AT 7206/7304;Комплект підшипника колісного;122.5;;2;UAH
AT;AT 8150-102G;Прокладка колектора;24.73;>5;5;UAH
AT;AT U-021;Хрестовина;109.53;1;;UAH
CLEAN;XX DO257;Фільтр масляний;30.55;>5;2;UAH
CLEAN;XX DO945;Фільтр масляний;81.67;2;1;UAH
CLEAN;XX MA108;Фільтр повітряний;77.33;>5;2;UAH
CLEAN;XX MA1096;Фільтр повітряний;50.0;1;1;UAH
CLEAN;XX MA138;Фільтр повітряний;32.96;>5;2;UAH
CLEAN;XX MA141;Фільтр повітряний;44.21;>5;2;UAH
CLEAN;XX MA142;Фільтр повітряний;31.99;4;2;UAH
CLEAN;XX MA150;Фільтр повітряний;38.75;>5;2;UAH
CLEAN;XX MA154;Фільтр повітряний;45.98;4;2;UAH
CLEAN;XX MA172;Фільтр повітряний;65.11;3;1;UAH
CLEAN;XX MA180;Фільтр повітряний;33.28;2;2;UAH
CLEAN;XX MA184;Фільтр повітряний;79.58;4;2;UAH
CLEAN;XX MA189;Фільтр повітряний;59.81;>5;2;UAH
CLEAN;XX MA190;Фільтр повітряний;129.42;>5;2;UAH
CLEAN;XX MA200;Фільтр повітряний;79.58;4;2;UAH
CLEAN;XX MA308;Фільтр повітряний;27.97;>5;2;UAH
CLEAN;XX MA613;Фільтр повітряний;32.48;1;2;UAH
CLEAN;XX MA637;Фільтр повітряний;45.66;4;2;UAH
CLEAN;XX MA653;Фільтр повітряний;198.56;1;1;UAH
CLEAN;XX MA683;Фільтр повітряний;62.54;3;2;UAH
CLEAN;XX MA693;Фільтр повітряний;60.93;3;1;UAH
CLEAN;XX MB003;Фільтр паливний;27.65;4;2;UAH
CLEAN;XX MB019;Фільтр паливний;13.67;>5;;UAH
CLEAN;XX MB057;Фільтр паливний;94.37;2;1;UAH
CLEAN;XX ML084;Фільтр масляний;115.11;3;1;UAH
CLEAN;XX ML458;Фільтр масляний;56.43;>5;2;UAH
CLEAN;XX ML483;Фільтр масляний;86.34;1;1;UAH
CLEAN;XX NC2015;Фільтр салону;247.11;1;;UAH
CLEAN;XX NC2026;Фільтр салону;115.28;2;1;UAH
COMPLEX;CX 006;Підшипник роликов к-т + змазка;108.73;>5;>5;UAH
COMPLEX;CX 007;Підшипник роликов к-т + змазка;109.05;>5;>5;UAH
COMPLEX;CX 008;Підшипник роликов к-т + змазка;86.98;>5;>5;UAH
COMPLEX;CX 009;Підшипник роликов к-т + змазка;91.72;>5;>5;UAH
COMPLEX;CX 010;Підшипник роликов к-т + змазка;86.98;>5;>5;UAH
COMPLEX;CX 011;Підшипник кулько к-т+змаз d>30;174.45;>5;>5;UAH
COMPLEX;CX 012;Підшипник кулько к-т+змаз d>30;173.31;>5;>5;UAH
COMPLEX;CX 012A;Підшипник кульковий к-т d>30;129.0;>5;>5;UAH
COMPLEX;CX 013;Підшипник кулько к-т+змаз d>30;279.09;3;>5;UAH
COMPLEX;CX 014;Підшипник кулько к-т+змаз d>30;199.63;>5;>5;UAH
COMPLEX;CX 016;Комплект підшипника колісного;40.88;>5;>5;UAH
COMPLEX;CX 017;Підшипник роликов к-т + змазка;120.83;4;5;UAH
COMPLEX;CX 018;Підшипник роликов к-т + змазка;109.05;;1;UAH
COMPLEX;CX 020;Підшипник роликов к-т + змазка;110.36;>5;>5;UAH
COMPLEX;CX 021;Підшипник роликов к-т + змазка;156.63;;1;UAH
COMPLEX;CX 022;Підшипник роликов к-т + змазка;169.55;;1;UAH
COMPLEX;CX 023;Підшипник роликов к-т + змазка;168.73;>5;;UAH
COMPLEX;CX 024;Підшипник роликов к-т + змазка;165.46;>5;>5;UAH
COMPLEX;CX 025;Підшипник роликов к-т + змазка;310.0;>5;>5;UAH
COMPLEX;CX 026;Підшипник роликов к-т + змазка;158.1;>5;>5;UAH
COMPLEX;CX 027;Підшипник роликов к-т + змазка;89.27;>5;>5;UAH
COMPLEX;CX 028;Підшипник роликов к-т + змазка;106.11;>5;>5;UAH
COMPLEX;CX 029;Підшипник кулько к-т+змаз d>30;177.23;3;1;UAH
COMPLEX;CX 030;Підшипник роликов к-т + змазка;313.76;>5;>5;UAH
COMPLEX;CX 031;Підшипник роликов к-т + змазка;172.33;>5;>5;UAH
COMPLEX;CX 033;Підшипник роликов к-т + змазка;340.41;1;2;UAH
COMPLEX;CX 034;Підшипник роликов к-т + змазка;366.89;3;>5;UAH
COMPLEX;CX 036L;Підшипник роликов к-т + змазка;335.17;1;3;UAH
COMPLEX;CX 036R;Підшипник роликов к-т + змазка;331.09;;1;UAH
COMPLEX;CX 038;Підшипник роликов к-т + змазка;214.02;2;1;UAH
COMPLEX;CX 039;Підшипник роликов к-т + змазка;228.25;>5;>5;UAH
COMPLEX;CX 040;Підшипник кулько к-т+змаз d>30;245.58;>5;>5;UAH
COMPLEX;CX 041;Підшипник роликов к-т + змазка;147.8;>5;>5;UAH
COMPLEX;CX 042;Підшипник кулько к-т+змаз d>30;297.24;>5;4;UAH
COMPLEX;CX 043;Підшипник роликов к-т + змазка;254.41;>5;>5;UAH
COMPLEX;CX 046;Підшипник кулько к-т+змаз d>30;286.78;2;1;UAH
COMPLEX;CX 047;Підшипник кулько к-т+змаз d>30;365.1;2;4;UAH
COMPLEX;CX 048;Підшипник кулько к-т+змаз d>30;243.78;5;1;UAH
COMPLEX;CX 049;Підшипник кулько к-т+змаз d>30;209.44;>5;>5;UAH
COMPLEX;CX 050;Підшипник кулько к-т+змаз d>30;334.19;5;>5;UAH
COMPLEX;CX 055;Підшипник кулько к-т+змаз d>30;217.95;2;1;UAH
COMPLEX;CX 056;Підшипник кулько к-т+змаз d>30;306.56;;>5;UAH
COMPLEX;CX 061;Підшипник кулько к-т+змаз d>30;259.64;1;;UAH
COMPLEX;CX 062;Підшипник кулько к-т+змаз d>30;248.52;>5;3;UAH
COMPLEX;CX 064;Підшипник роликов к-т + змазка;215.49;1;4;UAH
COMPLEX;CX 066;Підшипник кулько к-т+змаз d>30;93.52;>5;>5;UAH
COMPLEX;CX 070;Підшипник роликов к-т + змазка;275.01;5;1;UAH
COMPLEX;CX 071;Підшипник кулько к-т+змаз d>30;264.71;>5;>5;UAH
COMPLEX;CX 072;Підшипник роликов к-т + змазка;235.11;3;>5;UAH
COMPLEX;CX 073;Підшипник роликов к-т + змазка;175.27;;4;UAH
COMPLEX;CX 075;Підшипник кулько к-т+змаз d>30;264.71;>5;>5;UAH
COMPLEX;CX 076;Підшипник кулько к-т+змаз d>30;246.07;>5;>5;UAH
COMPLEX;CX 077;Підшипник роликов к-т + змазка;164.32;>5;;UAH
COMPLEX;CX 080;Підшипник кулько к-т+змаз d>30;171.02;;3;UAH
COMPLEX;CX 080A;Підшипник кульковий к-т d>30;139.14;>5;>5;UAH
COMPLEX;CX 081;Підшипник кулько к-т+змаз d>30;140.61;5;>5;UAH
COMPLEX;CX 082L;Підшипник кулько к-т+змаз d>30;162.03;5;;UAH
COMPLEX;CX 085;Підшипник кулько к-т+змаз d>30;184.1;;>5;UAH
COMPLEX;CX 089;Підшипник кулько к-т+змаз d>30;176.74;>5;>5;UAH
COMPLEX;CX 091;Підшипник роликов к-т + змазка;375.07;;>5;UAH
COMPLEX;CX 093;Підшипник кулько к-т+змаз d>30;176.42;>5;>5;UAH
COMPLEX;CX 094;Підшипник роликов к-т + змазка;301.98;1;;UAH
COMPLEX;CX 095;Підшипник роликов к-т + змазка;119.68;>5;4;UAH
COMPLEX;CX 096;Підшипник роликов к-т + змазка;452.57;2;4;UAH
COMPLEX;CX 097;Підшипник кулько к-т+змаз d>30;241.49;>5;>5;UAH
COMPLEX;CX 098;Підшипник кулько к-т+змаз d>30;174.13;4;3;UAH
COMPLEX;CX 099;Підшипник кулько к-т+змаз d>30;225.96;5;>5;UAH
COMPLEX;CX 100;Підшипник роликов к-т + змазка;274.68;4;>5;UAH
COMPLEX;CX 101;Підшипник кулько к-т+змаз d>30;249.34;>5;>5;UAH
COMPLEX;CX 102;Підшипник кулько к-т+змаз d>30;320.62;>5;>5;UAH
COMPLEX;CX 103;Підшипник кулько к-т+змаз d>30;249.01;>5;>5;UAH
COMPLEX;CX 104;Підшипник кулько к-т+змаз d>30;69.98;5;5;UAH
COMPLEX;CX 110;Підшипник кулько к-т+змаз d>30;102.19;1;4;UAH
COMPLEX;CX 115;Підшипник кулько к-т+змаз d>30;353.98;>5;5;UAH
COMPLEX;CX 116;Комплект підшипника колісного;229.72;2;1;UAH
COMPLEX;CX 117;Комплект підшипника колісного;233.97;1;2;UAH
COMPLEX;CX 128;Підшипник кулько к-т+змаз d>30;209.77;1;2;UAH
COMPLEX;CX 136;Підшипник роликов к-т + змазка;273.37;>5;>5;UAH
COMPLEX;CX 14-18;Ролик ременя;183.61;1;3;UAH
COMPLEX;CX 145;Підшипник роликов к-т + змазка;650.89;4;2;UAH
COMPLEX;CX 146;Підшипник кулько к-т+змаз d>30;261.6;>5;;UAH
COMPLEX;CX 175;Підшипник роликов к-т + змазка;185.57;4;;UAH
COMPLEX;CX 176;Підшипник роликов к-т + змазка;197.51;4;3;UAH
COMPLEX;CX 177;Підшипник кулько к-т+змаз d>30;267.98;3;>5;UAH
COMPLEX;CX 179;Підшипник роликов к-т + змазка;463.03;3;3;UAH
COMPLEX;CX 189;Підшипник кулько к-т+змаз d>30;603.32;1;5;UAH
COMPLEX;CX 198;Підшипник роликов к-т + змазка;399.92;>5;4;UAH
COMPLEX;CX 201;Підшипник кулько к-т+змаз d>30;512.25;2;2;UAH
COMPLEX;CX 210;Підшипник роликов к-т + змазка;482.16;>5;;UAH
COMPLEX;CX 213;Підшипник роликов к-т + змазка;281.22;3;4;UAH
COMPLEX;CX 218;Підшипник роликов к-т + змазка;180.99;>5;1;UAH
COMPLEX;CX 219;Підшипник кулько к-т+змаз d>30;229.55;>5;>5;UAH
COMPLEX;CX 221;Підшипник роликов к-т + змазка;241.49;>5;>5;UAH
COMPLEX;CX 223;Підшипник кулько к-т+змаз d>30;243.78;>5;>5;UAH
COMPLEX;CX 227;Підшипник кулько к-т+змаз d>30;291.68;4;3;UAH
COMPLEX;CX 229;Ступиця;398.61;2;;UAH
COMPLEX;CX 231;Підшипник роликов к-т + змазка;409.57;>5;>5;UAH
COMPLEX;CX 240;Підшипник роликов к-т + змазка;231.52;>5;>5;UAH
COMPLEX;CX 255;Підшипник кулько к-т+змаз d>30;291.36;5;>5;UAH
COMPLEX;CX 257;Підшипник роликов к-т + змазка;549.36;2;1;UAH
COMPLEX;CX 260;Комплект підшипника колісного;61.48;2;1;UAH
COMPLEX;CX 268;Комплект підшипника колісного;190.8;>5;>5;UAH
COMPLEX;CX 284;Ступиця;384.39;1;1;UAH
COMPLEX;CX 287;Ступиця;807.69;5;1;UAH
COMPLEX;CX 288;Підшипник кулько к-т+змаз d>30;659.72;2;1;UAH
COMPLEX;CX 290;Ступиця;742.94;;>5;UAH
COMPLEX;CX 291;Ступиця;551.65;2;3;UAH
COMPLEX;CX 295;Ступиця;1348.22;2;3;UAH
COMPLEX;CX 30207 A;Підшипник колісний;42582;>5;3;UAH
COMPLEX;CX 32008 AX;Підшипник колісний;44.96;1;1;UAH
COMPLEX;CX 327;Підшипник роликов к-т + змазка;602.33;1;>5;UAH
COMPLEX;CX 329;Ступиця;745.4;1;1;UAH
COMPLEX;CX 412;Комплект підшипника колісного;263.89;;3;UAH
COMPLEX;CX 413;Підшипник кулько к-т+змаз d>30;272.72;>5;>5;UAH
COMPLEX;CX 416;Підшипник кулько к-т+змаз d>30;358.56;>5;;UAH
COMPLEX;CX 422;Комплект підшипника колісного;99.9;>5;4;UAH
COMPLEX;CX 423;Комплект підшипника колісного;173.47;5;>5;UAH
COMPLEX;CX 437;Комплект підшипника колісного;509.63;2;4;UAH
COMPLEX;CX 488;Комплект підшипника колісного;488.7;4;>5;UAH
COMPLEX;CX 489;Комплект підшипника колісного;349.07;>5;>5;UAH
COMPLEX;CX 514;Підшипник кулько к-т+змаз d>30;442.92;2;>5;UAH
COMPLEX;CX 515;Ступиця;899.25;4;3;UAH
COMPLEX;CX 516;Комплект підшипника колісного;411.53;>5;5;UAH
COMPLEX;CX 519;Підшипник кулько к-т+змаз d>30;450.61;3;4;UAH
COMPLEX;CX 523;Підшипник роликов к-т + змазка;87.47;>5;>5;UAH
COMPLEX;CX 524;Підшипник кулько к-т+змаз d>30;174.62;>5;>5;UAH
COMPLEX;CX 525;Підшипник кулько к-т+змаз d>30;152.05;>5;>5;UAH
COMPLEX;CX 554;Ступиця;671.33;2;3;UAH
COMPLEX;CX 566;Комплект підшипника колісного;568.65;>5;3;UAH
COMPLEX;CX 577;Комплект підшипника колісного;456.49;>5;>5;UAH
COMPLEX;CX 592;Комплект підшипника колісного;805.56;3;5;UAH
COMPLEX;CX 615;Підшипник роликов к-т + змазка;439.0;3;5;UAH
COMPLEX;CX 6208 2RS;Підшипник кульковий d>30;36.98;>5;2;UAH
COMPLEX;CX 62302 2RS;Підшипник кульковий d>30;42485;>5;1;UAH
COMPLEX;CX 660;Ступиця;1630.75;;1;UAH
COMPLEX;CX 661;Ступиця;1094.14;>5;>5;UAH
COMPLEX;CX 701;Підшипник кулько к-т+змаз d>30;602.17;5;>5;UAH
COMPLEX;CX 730;Підшипник кулько к-т+змаз d>30;742.94;2;2;UAH
COMPLEX;CX 731;МАТОЧИНА КОЛЕСА;1996.34;>5;;UAH
COMPLEX;CX 793;Підшипник роликов к-т + змазка;510.12;>5;5;UAH
COMPLEX;CX 821;Підшипник роликовий і змазка (комплект);408.75;>5;4;UAH
COMPLEX;CX 831;МАТОЧИНА КОЛЕСА;1455.15;>5;>5;UAH
COMPLEX;CX 832;МАТОЧИНА КОЛЕСА;1455.15;>5;>5;UAH
COMPLEX;CX 834;МАТОЧИНА КОЛЕСА;1651.35;>5;5;UAH
COMPLEX;CX 835;МАТОЧИНА КОЛЕСА;1651.35;>5;>5;UAH
COMPLEX;CX CATALOGUE 2005;Каталог;54.5;>5;;UAH
COMPLEX;CX CZ405R;Ремкомплект;627.84;2;2;UAH
COMPLEX;CX NJ305 E;Підшипник колісний;52.97;>5;>5;UAH
COMPLEX;CX STICKER;Наклейка;26330;>5;;UAH
CS;LS 14871007;Пружини підвіски;768.45;2;2;UAH
CS;LS 14875230;Пружини підвіски;303.29;1;;UAH
CS;LS 14878210;Пружини підвіски;255.06;2;;UAH
CS;LS 14950217;Пружини підвіски;136.52;1;;UAH
CS;LS CATSPRING;Каталог;54.5;>5;;UAH
DEPO_ES;DE 00-440-1910LEDR;Скло фари;410.19;2;2;UAH
DEPO_ES;DE 00-440-1910REDR;Скло фари;410.19;2;2;UAH
DEPO_ES;DE 100-1101N-LD;Фара;236.66;2;;UAH
DEPO_ES;DE 100-1102N-LD-E;Фара;219.72;2;;UAH
DEPO_ES;DE 112-1401N-AE;Покажчик поворотів на крилі;158.73;1;1;UAH
DEPO_ES;DE 114-1121R-LDEM6;Фара;2400.33;1;1;UAH
DEPO_ES;DE 115-1401P-X;Ліхтар на крилі з лампою;125.55;2;;UAH
DEPO_ES;DE 115-2003L-U;Фара;433.91;1;1;UAH
DEPO_ES;DE 115-2003R-U;Фара;433.91;1;1;UAH
DEPO_ES;DE 116-2005R-UE;Фара;1521.63;1;;UAH
DEPO_ES;DE 212-1140L-LD-E;Фара;583.9;1;1;UAH
DEPO_ES;DE 212-1142L-LD-E;Фара;520.76;1;1;UAH
DEPO_ES;DE 212-1150L-LD;Фара;892.97;1;1;UAH
DEPO_ES;DE 212-1150R-LD;Фара;892.97;1;1;UAH
DEPO_ES;DE 212-1183L-LD-EM;Фара;571.41;1;1;UAH
DEPO_ES;DE 212-1183R-LD-EM;Фара;571.41;1;1;UAH
DEPO_ES;DE 212-1187R-LD-EM;Фара;899.75;1;1;UAH
DEPO_ES;DE 212-11A2L-LD-EM;Фара;1145.33;1;1;UAH
DEPO_ES;DE 212-11H9L-LD-EM;Фара;2280.13;1;1;UAH
DEPO_ES;DE 212-11M7R-LD-EM;Фара;1802.88;1;1;UAH
DEPO_ES;DE 212-11N2R-LD-EM;Фара;2182.57;1;1;UAH
DEPO_ES;DE 212-11Q6L-LD-EM;Фара;2668.03;1;1;UAH
DEPO_ES;DE 212-1327L-A;Ліхтар задній;975.18;1;1;UAH
DEPO_ES;DE 212-1329L-LD-UE;Ліхтар задній;515.24;1;1;UAH
DEPO_ES;DE 212-1329R-LD-UE;Ліхтар задній;515.24;1;1;UAH
DEPO_ES;DE 212-1409N-UE;Покажчик поворотів на крилі;61.89;;2;UAH
DEPO_ES;DE 212-1409PXA-VCC;Покажчик поворотів на крилі;196.18;1;1;UAH
DEPO_ES;DE 212-1410P-X1;Ліхтар на крилі з лампою;130.01;1;1;UAH
DEPO_ES;DE 212-1556R-UE;Покажчик поворотів;116.64;1;1;UAH
DEPO_ES;DE 212-1572L-UE;Покажчик поворотів;149.63;1;1;UAH
DEPO_ES;DE 212-1572R-UE;Покажчик поворотів;149.63;1;1;UAH
DEPO_ES;DE 212-1575L-AE;Покажчик поворотів;161.22;1;1;UAH
DEPO_ES;DE 212-1575R-AE;Покажчик поворотів;161.22;1;1;UAH
DEPO_ES;DE 212-1579L-AE;Покажчик поворотів;160.15;1;1;UAH
DEPO_ES;DE 212-1579R-AE;Покажчик поворотів;160.15;1;1;UAH
DEPO_ES;DE 212-1580L-AE;Покажчик поворотів;170.68;1;1;UAH
DEPO_ES;DE 212-1580R-AE;Покажчик поворотів;170.68;1;1;UAH
DEPO_ES;DE 212-15A3L-UE;Покажчик поворотів;435.69;1;1;UAH
DEPO_ES;DE 212-15A3R-UE;Покажчик поворотів;435.69;1;1;UAH
DEPO_ES;DE 212-15A5L-UE;Покажчик поворотів;280.71;1;1;UAH
DEPO_ES;DE 212-15A5R-UE;Покажчик поворотів;280.71;1;1;UAH
DEPO_ES;DE 212-15C7R-UE;Покажчик поворотів;285.35;1;;UAH
DEPO_ES;DE 212-15C8L-UE;Покажчик поворотів;322.62;1;1;UAH
DEPO_ES;DE 212-15C9L-UE;Покажчик поворотів;85.96;1;1;UAH
DEPO_ES;DE 212-15C9R-UE;Покажчик поворотів;85.96;1;1;UAH
DEPO_ES;DE 212-15D3L-UE;Ліхтар передній;285.53;1;2;UAH
DEPO_ES;DE 212-15D3R-UE;Ліхтар передній;285.53;1;;UAH
DEPO_ES;DE 212-15F5L-AE;Покажчик поворотів;277.86;1;1;UAH
DEPO_ES;DE 212-15F5R-AE;Покажчик поворотів;277.86;;1;UAH
DEPO_ES;DE 212-1643L;Покажчик поворотів;113.43;1;1;UAH
DEPO_ES;DE 212-1643R;Покажчик поворотів;113.43;1;1;UAH
DEPO_ES;DE 212-1647L-AE;Покажчик поворотів;95.24;1;1;UAH
DEPO_ES;DE 212-1647R-AE;Покажчик поворотів;95.24;1;1;UAH
DEPO_ES;DE 212-1654L3AE;Покажчик поворотів;88.64;1;1;UAH
DEPO_ES;DE 212-1654R3AE;Покажчик поворотів;88.64;1;1;UAH
DEPO_ES;DE 212-1659L-AE;Покажчик поворотів;149.63;1;1;UAH
DEPO_ES;DE 212-1955L-U;Ліхтар задній;352.94;1;1;UAH
DEPO_ES;DE 212-1955R-U;Ліхтар задній;352.94;1;1;UAH
DEPO_ES;DE 212-19B3L3UE;Ліхтар задній;784.71;1;1;UAH
DEPO_ES;DE 212-19B3R3UE;Ліхтар задній;784.71;1;1;UAH
DEPO_ES;DE 212-19B6R-A;Ліхтар задній;724.79;1;1;UAH
DEPO_ES;DE 212-19G3L-U;Ліхтар задній;638.29;1;1;UAH
DEPO_ES;DE 212-19G5L-UE;Ліхтар задній;865.5;1;1;UAH
DEPO_ES;DE 212-19G5R-UE;Ліхтар задній;865.5;1;1;UAH
DEPO_ES;DE 212-19K5L-LD-AE;Ліхтар задній;1004.08;1;1;UAH
DEPO_ES;DE 212-19K6L-U;Ліхтар задній;817.89;1;1;UAH
DEPO_ES;DE 212-19K6R-U;Ліхтар задній;817.89;1;1;UAH
DEPO_ES;DE 212-19L4L-A;Ліхтар задній;1342.04;1;1;UAH
DEPO_ES;DE 212-19L4R-A;Ліхтар задній;1342.04;1;1;UAH
DEPO_ES;DE 212-19L6R-UE;Ліхтар задній;1271.59;1;1;UAH
DEPO_ES;DE 212-19N9L-LD-UE;Ліхтар задній;1507.72;1;1;UAH
DEPO_ES;DE 212-19N9R-LD-UE;Ліхтар задній;1507.72;1;1;UAH
DEPO_ES;DE 212-19R9R-UE;Ліхтар задній;1563.54;;1;UAH
DEPO_ES;DE 212-2032L-UQ;Фара;710.7;1;1;UAH
DEPO_ES;DE 212-2036L-UE;Фара;665.4;;1;UAH
DEPO_ES;DE 212-2045R-UE;Фара;656.66;1;1;UAH
DEPO_ES;DE 212-2052L-UE;Фара противотуманна;605.66;;1;UAH
DEPO_ES;DE 212-2052R-UE;Фара противотуманна;605.66;2;2;UAH
DEPO_ES;DE 212-2053R-UQH;Фара;788.28;1;1;UAH
DEPO_ES;DE 212-2056R-UQ;Фара противотуманна;745.12;1;2;UAH
DEPO_ES;DE 212-2064L-UE;Фара;964.84;1;1;UAH
DEPO_ES;DE 212-2064R-UE;Фара;964.84;1;1;UAH
DEPO_ES;DE 212-2072L-UE;Фара;938.8;1;1;UAH
DEPO_ES;DE 212-2072R-UE;Фара;938.8;1;1;UAH
DEPO_ES;DE 212-2076R-UQ;Фара;905.45;1;1;UAH
DEPO_ES;DE 212-4001R-U;Ліхтар задній;449.07;;1;UAH
DEPO_ES;DE 214-1102R-LD;Фара;655.77;1;1;UAH
DEPO_ES;DE 214-1172L-LD-EM;Фара;1377.35;1;;UAH
DEPO_ES;DE 214-1172R-LD-EM;Фара;1377.35;1;;UAH
DEPO_ES;DE 214-1186L-LDHEM;Фара;7497.4;1;1;UAH
DEPO_ES;DE 214-1188LMLDEM2;Фара;2357.53;1;1;UAH
DEPO_ES;DE 214-1188RMLDEM2;Фара;2357.53;1;1;UAH
DEPO_ES;DE 214-1190L-LDEM2;Фара;1723.87;1;1;UAH
DEPO_ES;DE 214-1190R-LDEM2;Фара;1723.87;1;1;UAH
DEPO_ES;DE 214-1317L-UE;Ліхтар задній;476.18;1;1;UAH
DEPO_ES;DE 214-1317R-UE;Ліхтар задній;476.18;1;1;UAH
DEPO_ES;DE 214-1405N-AE-C;Покажчик поворотів на крилі;103.08;1;2;UAH
DEPO_ES;DE 214-1405N-AE-Y;Покажчик поворотів на крилі;97.02;2;2;UAH
DEPO_ES;DE 214-1427N-AE;Ліхтар на крилі з лампою;115.39;1;2;UAH
DEPO_ES;DE 214-1529L-U;Покажчик поворотів;133.4;1;1;UAH
DEPO_ES;DE 214-1533R-AE;Покажчик поворотів;184.94;1;1;UAH
DEPO_ES;DE 214-1549L-AE;Покажчик поворотів;161.76;1;1;UAH
DEPO_ES;DE 214-1549L-AE-C;Покажчик поворотів;174.24;1;1;UAH
DEPO_ES;DE 214-1549R-AE;Покажчик поворотів;161.76;1;1;UAH
DEPO_ES;DE 214-1549R-AE-C;Покажчик поворотів;174.24;;1;UAH
DEPO_ES;DE 214-1627L;Покажчик поворотів;139.64;1;1;UAH
DEPO_ES;DE 214-1627R;Покажчик поворотів;139.64;1;1;UAH
DEPO_ES;DE 214-1979L-AE;Ліхтар задній;1032.61;1;1;UAH
DEPO_ES;DE 214-1979R-AE;Ліхтар задній;1032.61;;1;UAH
DEPO_ES;DE 214-1980L-U;Ліхтар задній;1186.52;1;1;UAH
DEPO_ES;DE 214-1983L-AE;Ліхтар задній з лампами;975.36;1;1;UAH
DEPO_ES;DE 214-1983R-A-C;Ліхтар задній з лампами;907.59;1;;UAH
DEPO_ES;DE 214-1992L-UQ6C;Ліхтар задній;1823.03;1;1;UAH
DEPO_ES;DE 214-1992L-UQVR;Ліхтар задній;1823.03;1;1;UAH
DEPO_ES;DE 214-19A8L-AQ;Ліхтар задній з лампами;2037.94;1;;UAH
DEPO_ES;DE 214-19A8R-AQ;Ліхтар задній з лампами;2037.94;1;1;UAH
DEPO_ES;DE 214-19A9L-UE2C;Ліхтар задній;1152.82;1;;UAH
DEPO_ES;DE 214-19A9R-UE;Ліхтар задній;986.96;1;1;UAH
DEPO_ES;DE 214-19B9L-UE;Ліхтар задній;1667.16;1;1;UAH
DEPO_ES;DE 214-2030N-UQD;Фара противотуманна;682.17;2;;UAH
DEPO_ES;DE 214-2034L-AQ;Фара;1210.42;1;;UAH
DEPO_ES;DE 214-2034R-AQ;Фара;1210.42;1;;UAH
DEPO_ES;DE 214-2038PXA;Фара;1454.57;;1;UAH
DEPO_ES;DE 214-2040L-UQ;Фара противотуманна;651.67;2;2;UAH
DEPO_ES;DE 214-2040R-UQ;Фара противотуманна;651.67;2;2;UAH
DEPO_ES;DE 214-2041R-UE;Фара;962.52;1;1;UAH
DEPO_ES;DE 214-2041R-UEN;Фара;1184.92;1;1;UAH
DEPO_ES;DE 214-2050N-UQ;ФАРА ПРОТИТУМАННА;1818.75;;1;UAH
DEPO_ES;DE 214-2905L-E;Ліхтар задній;169.43;;1;UAH
DEPO_ES;DE 214-2905R-E;Ліхтар задній;168.89;1;1;UAH
DEPO_ES;DE 214-4001L3LD-UE;Ліхтар задній;585.15;;2;UAH
DEPO_ES;DE 214-4001R3LD-UE;Ліхтар задній;560.0;;2;UAH
DEPO_ES;DE 215-1115L-LD-E;Фара;808.43;1;1;UAH
DEPO_ES;DE 215-1115R-LD-E;Фара;808.43;1;1;UAH
DEPO_ES;DE 215-1140L-LD-E;Фара;649.89;1;1;UAH
DEPO_ES;DE 215-1140L-LD-EM;Фара;672.71;1;1;UAH
DEPO_ES;DE 215-1140R-LD-E;Фара;649.89;1;1;UAH
DEPO_ES;DE 215-1141R-LD-EM;Фара;694.47;1;1;UAH
DEPO_ES;DE 215-1165L-LD-N;Фара;894.22;1;1;UAH
DEPO_ES;DE 215-1165R-LD-N;Фара;894.22;1;1;UAH
DEPO_ES;DE 215-1191R-LD-EM;Фара;1693.55;1;1;UAH
DEPO_ES;DE 215-1196L-LDEM2;Фара;1612.05;1;1;UAH
DEPO_ES;DE 215-1196R-LDEM2;Фара;1612.05;1;1;UAH
DEPO_ES;DE 215-1426N-UE;Покажчик поворотів на крилі;66.88;2;2;UAH
DEPO_ES;DE 215-1438FXA-C;Покажчик поворотів;459.06;1;1;UAH
DEPO_ES;DE 215-1438L-U;Покажчик поворотів;62.6;1;1;UAH
DEPO_ES;DE 215-1439L-U;Покажчик поворотів;82.22;1;1;UAH
DEPO_ES;DE 215-1443N-UE;Покажчик поворотів на крилі;219.01;;2;UAH
DEPO_ES;DE 215-1549L-UE;Покажчик поворотів;133.94;1;1;UAH
DEPO_ES;DE 215-1549R-UE;Покажчик поворотів;133.94;1;1;UAH
DEPO_ES;DE 215-1573L-U;Ліхтар передній;134.29;1;1;UAH
DEPO_ES;DE 215-1573R-U;Ліхтар передній;134.29;1;1;UAH
DEPO_ES;DE 215-1577L-AE;Покажчик поворотів;148.56;1;1;UAH
DEPO_ES;DE 215-1577R-AE;Покажчик поворотів;148.56;1;1;UAH
DEPO_ES;DE 215-1580R-UE;Ліхтар передній;126.27;1;1;UAH
DEPO_ES;DE 215-1585R-U;Покажчик поворотів;217.04;1;1;UAH
DEPO_ES;DE 215-1594L-AE;Покажчик поворотів;230.06;1;1;UAH
DEPO_ES;DE 215-1594R-AE;Покажчик поворотів;230.06;1;1;UAH
DEPO_ES;DE 215-1599L-A-C;Покажчик поворотів;382.19;1;1;UAH
DEPO_ES;DE 215-1599R-A-C;Покажчик поворотів;382.19;1;1;UAH
DEPO_ES;DE 215-1658L-U-2;Покажчик поворотів;159.08;1;1;UAH
DEPO_ES;DE 215-1658R-U-2;Покажчик поворотів;159.08;1;1;UAH
DEPO_ES;DE 215-1671L-UE;Покажчик поворотів;245.22;1;1;UAH
DEPO_ES;DE 215-1671R-UE;Покажчик поворотів;245.22;1;1;UAH
DEPO_ES;DE 215-1672L-AE;Фара противотуманна з лампою;770.45;1;1;UAH
DEPO_ES;DE 215-1673L-UE;Покажчик поворотів;432.48;1;1;UAH
DEPO_ES;DE 215-1673R-UE;Покажчик поворотів;432.48;1;1;UAH
DEPO_ES;DE 215-1968L-A;Ліхтар задній;645.78;1;1;UAH
DEPO_ES;DE 215-1968R-A;Ліхтар задній;645.78;1;1;UAH
DEPO_ES;DE 215-19F4L6U;Ліхтар задній;682.34;1;1;UAH
DEPO_ES;DE 215-19F4R6U;Ліхтар задній;682.34;1;1;UAH
DEPO_ES;DE 215-19G6L-LD-UE;Ліхтар задній;810.93;1;1;UAH
DEPO_ES;DE 215-19J9L-UE;Ліхтар задній;1000.69;;1;UAH
DEPO_ES;DE 215-19K1L-UE;Ліхтар задній;1047.59;1;1;UAH
DEPO_ES;DE 215-19K1R-UE;Ліхтар задній;1047.59;1;1;UAH
DEPO_ES;DE 215-19K8L-LD-UE;Ліхтар задній;1379.31;1;1;UAH
DEPO_ES;DE 215-19L3L-UE;Ліхтар задній;1482.75;;1;UAH
DEPO_ES;DE 215-2012R-UE;Фара противотуманна;729.07;1;;UAH
DEPO_ES;DE 215-2030N-UQ;Фара противотуманна;496.33;;2;UAH
DEPO_ES;DE 215-2032L-UE;Фара противотуманна;1013.71;;2;UAH
DEPO_ES;DE 215-2032R-UE;Фара противотуманна;1013.71;1;1;UAH
DEPO_ES;DE 215-4001N-UE;Ліхтар задній;593.71;1;1;UAH
DEPO_ES;DE 216-1107L-LD;Фара;525.94;1;1;UAH
DEPO_ES;DE 216-1107R-LD;Фара;525.94;1;1;UAH
DEPO_ES;DE 216-1114R-LD;Фара;709.81;1;1;UAH
DEPO_ES;DE 216-1115L-LD-E;Фара;855.34;1;3;UAH
DEPO_ES;DE 216-1115R-LD-E;Фара;855.34;1;1;UAH
DEPO_ES;DE 216-1306L-LD-AE;Ліхтар задній;730.14;1;1;UAH
DEPO_ES;DE 216-1306R-LD-AE;Ліхтар задній;730.14;1;1;UAH
DEPO_ES;DE 216-1405PTA-VC;Покажчик поворотів на крилі;165.15;;2;UAH
DEPO_ES;DE 216-1407L-US-R;Відблискувач;205.27;1;;UAH
DEPO_ES;DE 216-1506L;Покажчик поворотів;203.67;1;1;UAH
DEPO_ES;DE 216-1506R;Покажчик поворотів;203.67;1;1;UAH
DEPO_ES;DE 216-1519L;Ліхтар передній;157.3;1;1;UAH
DEPO_ES;DE 216-1519R;Ліхтар передній;157.3;1;1;UAH
DEPO_ES;DE 216-1522L;Ліхтар передній;176.38;1;1;UAH
DEPO_ES;DE 216-1522R;Ліхтар передній;176.38;1;1;UAH
DEPO_ES;DE 216-1524L-AE;Покажчик поворотів;219.36;1;1;UAH
DEPO_ES;DE 216-1524R-AE;Покажчик поворотів;219.36;;1;UAH
DEPO_ES;DE 216-1528L-UE;Ліхтар передній;217.4;1;;UAH
DEPO_ES;DE 216-1529L-WE;Ліхтар передній;187.26;1;;UAH
DEPO_ES;DE 216-1529R-WE;Ліхтар передній;187.26;1;1;UAH
DEPO_ES;DE 216-1530L-WE;Покажчик поворотів;156.76;1;1;UAH
DEPO_ES;DE 216-1530R-WE;Покажчик поворотів;156.76;1;;UAH
DEPO_ES;DE 216-1540L-AE;Покажчик поворотів;229.17;1;1;UAH
DEPO_ES;DE 216-1540R-AE;Покажчик поворотів;229.17;1;1;UAH
DEPO_ES;DE 216-1541L-AE;Покажчик поворотів;400.92;1;1;UAH
DEPO_ES;DE 216-1541R-AE;Покажчик поворотів;400.92;1;1;UAH
DEPO_ES;DE 216-1544L-AE;Покажчик поворотів;210.98;1;1;UAH
FEBI;FB 01064;Ремкомплект стабілізатора;450.72;2;;UAH
FEBI;FB 01245;Шайба;42404;>5;;UAH
FEBI;FB 01503;Втулка Металева;268.63;3;;UAH
FEBI;FB 01654;Шпилька Колеса;41.96;>5;;UAH
FEBI;FB 02090;Рульова тяга;3598.91;1;;UAH
FEBI;FB 02507;Трубопровод;20.71;>5;;UAH
FEBI;FB 02876;Сайлентблок важеля;148.24;1;;UAH
FEBI;FB 03638;Кільця ущільнюючі;94.83;1;;UAH
FEBI;FB 04787;Ремкомплект гальмівного крана;132.44;4;;UAH
FEBI;FB 04823;Трубопровод;20.71;>5;;UAH
FEBI;FB 05013;Втулка Гумова;137.88;1;;UAH
FEBI;FB 05969;Важіль гальмівний;221.0;2;;UAH
FEBI;FB 05973;Важіль гальмівний;221.0;2;;UAH
FEBI;FB 06185;Втулка Гумова;187.21;1;;UAH
FEBI;FB 06703;Ремкомплект стабілізатора;217.73;3;;UAH
FEBI;FB 06716;Втулка стабілізатора;55.59;2;;UAH
FEBI;FB 07595;Ковпак ступиці;184.89;4;;UAH
FEBI;FB 07610;Сайлентблок важеля;79.57;3;;UAH
FEBI;FB 08007;Сальник;120.83;3;;UAH
FEBI;FB 08353;Ремкомплект стабілізатора;428.92;1;;UAH
FEBI;FB 10050;Шайба;453.22;4;;UAH
FEBI;FB 11900;Сальники асортимент;40.06;>5;;UAH
FEBI;FB 12058;Фільтр АКПП;110.77;1;;UAH
FEBI;FB 12685;Сайлентблок важеля;128.89;1;;UAH
FEBI;FB 22225;Штуцер;152.6;5;;UAH
FEBI;FB 23471;Ремкомплект стабілізатора;1006.07;4;;UAH
FEBI;FB 27850;Сайлентблок важеля;548.54;1;;UAH
FEBI;FB 77062;Підшипник підвісний;724.03;1;;UAH
FEBI;XX 27298;Опора двигуна;1869.9;2;;UAH
FEBI;XX 27909;Стійка стабілізатора;41.15;2;;UAH
FEBI;XX 30316;Стійка стабілізатора;26.16;;1;UAH
FEBI;XX 30968;Стійка стабілізатора;24.25;1;1;UAH
FEBI;XX 31505;Опора двигуна;180.67;1;;UAH
FIAAM;FIA FT5258;Фільтр паливний;121.71;>5;4;UAH
FIAAM;FIA FT5339;Фільтр масляний;57.88;;2;UAH
FISCHER;FS 003-919;Кріплення гумові;35674;2;2;UAH
FISCHER;FS 003-930;Кріплення гумові;43647;3;>5;UAH
FISCHER;FS 003-931;Кріплення гумові;42436;>5;>5;UAH
FISCHER;FS 003-935;Кріплення гумові;43647;>5;>5;UAH
FISCHER;FS 003-936;Кріплення гумові;42498;>5;>5;UAH
FISCHER;FS 003-937;Кріплення гумові;42557;1;2;UAH
FISCHER;FS 003-940;Кріплення гумові;43313;>5;>5;UAH
FISCHER;FS 003-945;Кріплення гумові;12632;>5;>5;UAH
FISCHER;FS 004-945;Кріплення металеві;86.16;>5;>5;UAH
FISCHER;FS 006-947;Труба з'єднувальна вихлопної системи;57.23;2;3;UAH
FISCHER;FS 006-950;Труба з'єднувальна вихлопної системи;59.19;2;3;UAH
FISCHER;FS 047.810;Кільця металеві;11324;>5;>5;UAH
FISCHER;FS 100-902;Прокладки вихлопної системи;42416;>5;>5;UAH
FISCHER;FS 100-903;Прокладки вихлопної системи;19.46;>5;>5;UAH
FISCHER;FS 100-904;Прокладки вихлопної системи;18.64;>5;>5;UAH
FISCHER;FS 100-906;Прокладки вихлопної системи;19.62;;>5;UAH
FISCHER;FS 100-907;Прокладки вихлопної системи;13.24;4;2;UAH
FISCHER;FS 100-908;Прокладки вихлопної системи;20.27;5;>5;UAH
FISCHER;FS 100-909;Прокладки вихлопної системи;22.73;;1;UAH
FISCHER;FS 100-911;Прокладки вихлопної системи;24.52;>5;4;UAH
FISCHER;FS 100-923;Прокладки вихлопної системи;40.55;;1;UAH
FISCHER;FS 101-942;Кільця металеві;21.58;2;4;UAH
FISCHER;FS 101-945;Кільця металеві;24.52;3;2;UAH
FISCHER;FS 101-946;Кільця металеві;31.56;>5;4;UAH
FISCHER;FS 101-950;Кільця металеві;42425;5;>5;UAH
FISCHER;FS 101-963;Кільця металеві;38.42;;1;UAH
FISCHER;FS 102-942;Кільця металеві;17.82;2;3;UAH
FISCHER;FS 102-944;Кільця металеві;42600;4;5;UAH
FISCHER;FS 102-946;Кільця металеві;20.93;2;3;UAH
FISCHER;FS 102-947;Кільця металеві;42634;5;>5;UAH
FISCHER;FS 103-901;Кріплення гумові;17.33;>5;>5;UAH
FISCHER;FS 103-902;Кріплення гумові;22586;>5;>5;UAH
FISCHER;FS 103-904;Кріплення гумові;16.19;>5;4;UAH
FISCHER;FS 103-906;Кріплення гумові;17.17;5;>5;UAH
FISCHER;FS 103-908;Кріплення гумо-металеві;78.97;>5;>5;UAH
FISCHER;FS 103-909;Кріплення гумові;13.57;>5;>5;UAH
FISCHER;FS 103-910;Кріплення гумові;32.54;4;2;UAH
FISCHER;FS 103-915;Кріплення гумо-металеві;71.29;4;>5;UAH
FISCHER;FS 103-916;Кріплення металеві;81.26;>5;5;UAH
FISCHER;FS 103-917;Кріплення гумо-металеві;145.02;2;4;UAH
FISCHER;FS 103-918;Кріплення гумові;24.52;;1;UAH
FISCHER;FS 103-920;Кріплення металеві;82.4;1;>5;UAH
FISCHER;FS 103-923;Кріплення гумові;23.54;2;3;UAH
FISCHER;FS 103-934;Кріплення гумові;49.05;>5;>5;UAH
FISCHER;FS 104-904;Кріплення металеві;200.94;2;2;UAH
FISCHER;FS 104-909;Кріплення металеві;200.94;2;2;UAH
FISCHER;FS 104-912;Кріплення металеві;141.92;1;2;UAH
FISCHER;FS 105-902;ПРУЖИНА СТИСКАННЯ;42424;>5;>5;UAH
FISCHER;FS 105-904;Болт з шестигранною головкою;42.51;;1;UAH
FISCHER;FS 110-901;Прокладки вихлопної системи;28.94;>5;>5;UAH
FISCHER;FS 110-902;Прокладки вихлопної системи;19.29;>5;>5;UAH
FISCHER;FS 110-903;Прокладки вихлопної системи;13.73;>5;>5;UAH
FISCHER;FS 110-905;Прокладки вихлопної системи;42566;;3;UAH
FISCHER;FS 110-906;Прокладки вихлопної системи;20.93;>5;>5;UAH
FISCHER;FS 110-909;Прокладки вихлопної системи;42498;3;5;UAH
FISCHER;FS 110-910;Прокладки вихлопної системи;20.93;>5;>5;UAH
FISCHER;FS 110-913;Прокладки вихлопної системи;23.38;>5;3;UAH
FISCHER;FS 110-915;Прокладки вихлопної системи;42600;3;3;UAH
FISCHER;FS 110-916;Прокладки вихлопної системи;17.98;>5;>5;UAH
FISCHER;FS 110-917;Прокладки вихлопної системи;28.29;2;;UAH
FISCHER;FS 110-921;Прокладки вихлопної системи;19.46;2;>5;UAH
FISCHER;FS 110-923;Прокладки вихлопної системи;29.43;4;5;UAH
FISCHER;FS 110-932;Прокладки вихлопної системи;21.42;>5;>5;UAH
FISCHER;FS 110-933;Прокладки вихлопної системи;17777;>5;>5;UAH
FISCHER;FS 110-934;Прокладки вихлопної системи;26.32;5;4;UAH
FISCHER;FS 110-937;Прокладки вихлопної системи;22.89;3;2;UAH
FISCHER;FS 110-938;Прокладки вихлопної системи;42453;>5;>5;UAH
FISCHER;FS 110-939;Прокладки вихлопної системи;19.46;3;1;UAH
FISCHER;FS 110-940;Прокладки вихлопної системи;34.83;>5;4;UAH
FISCHER;FS 110-941;Прокладки вихлопної системи;26.65;1;2;UAH
FISCHER;FS 110-942;Прокладки вихлопної системи;25.34;>5;1;UAH
FISCHER;FS 110-944;Прокладки вихлопної системи;20.76;>5;>5;UAH
FISCHER;FS 110-953;Прокладки вихлопної системи;26.32;4;1;UAH
FISCHER;FS 110-956;Прокладки вихлопної системи;30.57;>5;>5;UAH
FISCHER;FS 110-959;Прокладки вихлопної системи;27.14;3;5;UAH
FISCHER;FS 110-961;Прокладки вихлопної системи;33.68;2;4;UAH
FISCHER;FS 110-965;Прокладки вихлопної системи;31.88;;1;UAH
FISCHER;FS 111-935;Прокладки вихлопної системи;42715;2;2;UAH
FISCHER;FS 111-943;Прокладки вихлопної системи;36373;2;1;UAH
FISCHER;FS 111-956;Прокладки вихлопної системи;35.97;2;5;UAH
FISCHER;FS 111-973;Кільця металеві;35.15;>5;>5;UAH
FISCHER;FS 112-945;Кільця металеві;43.65;;3;UAH
FISCHER;FS 112-946;Кільця металеві;23.54;>5;>5;UAH
FISCHER;FS 112-951;Прокладки вихлопної системи;44.47;2;2;UAH
FISCHER;FS 112-955;Прокладки вихлопної системи;44.96;3;4;UAH
FISCHER;FS 112-956;Прокладки вихлопної системи;31.39;1;>5;UAH
FISCHER;FS 112-957;Кільця металеві;50.19;1;2;UAH
FISCHER;FS 112-958;Прокладки вихлопної системи;26.16;;1;UAH
FISCHER;FS 113-901;Кріплення гумові;25020;>5;>5;UAH
FISCHER;FS 113-902;Кріплення гумові;19176;>5;>5;UAH
FISCHER;FS 113-903;Кріплення гумові;42377;>5;>5;UAH
FISCHER;FS 113-904;Кріплення гумові;43647;>5;>5;UAH
FISCHER;FS 113-906;Кріплення гумові;27120;5;2;UAH
FISCHER;FS 113-909;Кріплення гумові;17.49;2;2;UAH
FISCHER;FS 113-910;Кріплення гумові;24685;4;5;UAH
FISCHER;FS 113-911;Кріплення гумові;36.95;>5;>5;UAH
FISCHER;FS 113-914;Кріплення гумові;42595;;2;UAH
FISCHER;FS 113-915;Кріплення гумо-металеві;40.55;>5;4;UAH
FISCHER;FS 113-916;Кріплення гумові;16.19;>5;>5;UAH
FISCHER;FS 113-918;Кріплення гумові;42573;2;>5;UAH
FISCHER;FS 113-919;Кріплення гумо-металеві;43.82;>5;>5;UAH
FISCHER;FS 113-920;Кріплення гумо-металеві;43.98;>5;>5;UAH
FISCHER;FS 113-923;Кріплення гумо-металеві;49.7;5;>5;UAH
FISCHER;FS 113-924;Кріплення металеві;42643;3;2;UAH
FISCHER;FS 113-925;Кріплення гумо-металеві;247.7;>5;>5;UAH
FISCHER;FS 113-926;Кріплення металеві;39.24;3;4;UAH
FISCHER;FS 113-928;Кріплення гумові;22.56;>5;>5;UAH
FISCHER;FS 113-930;Кріплення гумо-металеві;51.99;>5;3;UAH
FISCHER;FS 113-936;Кріплення гумові;53.63;2;4;UAH
FISCHER;FS 113-938;Кріплення гумо-металеві;56.24;>5;>5;UAH
FISCHER;FS 113-940;Кріплення гумо-металеві;96.79;>5;>5;UAH
FISCHER;FS 113-942;Кріплення гумо-металеві;56.41;3;4;UAH
FISCHER;FS 113-944;Кріплення вихлопної системи;49.87;1;2;UAH
FISCHER;FS 113-946;Кріплення гумові;28.45;2;;UAH
FISCHER;FS 113-947;Кріплення гумо-металеві;107.75;>5;>5;UAH
FISCHER;FS 113-951;Кріплення гумо-металеві;95.65;3;5;UAH
FISCHER;FS 113-962;Кріплення гумові;17.17;4;>5;UAH
FISCHER;FS 113-965;Кріплення гумо-металеві;229.55;1;;UAH
FISCHER;FS 113-967;Кріплення гумо-металеві;163.83;4;4;UAH
FISCHER;FS 113-972;Кріплення гумо-металеві;121.97;5;>5;UAH
FISCHER;FS 114-903;Хомут металевий;89.11;2;1;UAH
FISCHER;FS 114-905;Хомут металевий;54.94;2;3;UAH
FISCHER;FS 114-906;Хомут металевий;55.1;;1;UAH
FISCHER;FS 114-943;Кріплення металеві;103.17;5;;UAH
FISCHER;FS 114-946;Хомут металевий;84.53;3;>5;UAH
FISCHER;FS 114-950;Кріплення металеві;88.78;>5;>5;UAH
FISCHER;FS 114-952;Кріплення металеві;88.13;1;1;UAH
FISCHER;FS 114-954;Кріплення металеве;83.06;;>5;UAH
FISCHER;FS 114-956;Кріплення металеві;89.76;>5;>5;UAH
FISCHER;FS 114-961;Кріплення металеві;102.02;3;>5;UAH
FISCHER;FS 115-901;Пружина;36373;>5;>5;UAH
FISCHER;FS 115-902;Пружина;12632;1;2;UAH
FISCHER;FS 115-904;Кріплення металеві;25.51;2;>5;UAH
FISCHER;FS 120-903;Прокладки вихлопної системи;22.89;>5;>5;UAH
FISCHER;FS 120-905;Прокладки вихлопної системи;25.83;>5;>5;UAH
FISCHER;FS 120-906;Прокладки вихлопної системи;14.39;5;5;UAH
FISCHER;FS 120-907;Прокладки вихлопної системи;22.24;1;>5;UAH
FISCHER;FS 120-908;Прокладки вихлопної системи;19.46;>5;>5;UAH
FISCHER;FS 120-916;Прокладки вихлопної системи;30529;>5;>5;UAH
FISCHER;FS 120-918;Прокладки вихлопної системи;17.66;3;5;UAH
FISCHER;FS 120-920;Прокладки вихлопної системи;17.82;5;;UAH
FISCHER;FS 121-941;Кільця металеві;42453;3;>5;UAH
FISCHER;FS 121-942;Кільця металеві;32.05;>5;>5;UAH
FISCHER;FS 121-944;Кільця металеві;16.19;>5;>5;UAH
FISCHER;FS 121-945;Кільця металеві;27.14;>5;>5;UAH
FISCHER;FS 121-947;Кільця металеві;42425;>5;>5;UAH
FISCHER;FS 121-948;Кільця металеві;44.47;;2;UAH
FISCHER;FS 121-951;Кільця металеві;34.17;>5;>5;UAH
FISCHER;FS 121-955;Прокладки вихлопної системи;39.24;>5;>5;UAH
FISCHER;FS 123-901;Кріплення гумові;14.88;>5;>5;UAH
FISCHER;FS 123-902;Кріплення гумові;13.57;>5;>5;UAH
FISCHER;FS 123-904;Кріплення гумові;42439;>5;>5;UAH
FISCHER;FS 123-909;Кріплення гумові;24685;>5;>5;UAH
FISCHER;FS 123-911;Кріплення гумові;17.66;;1;UAH
FISCHER;FS 123-912;Кріплення гумові;42416;;1;UAH
FISCHER;FS 123-913;Кріплення гумові;13.24;>5;>5;UAH
FISCHER;FS 123-914;Кріплення гумові;34973;3;>5;UAH
FISCHER;FS 123-916;Кріплення гумові;36373;5;>5;UAH
FISCHER;FS 123-919;Кріплення гумові;24685;>5;;UAH
FISCHER;FS 123-921;Кріплення вихлопної системи;17076;>5;4;UAH
FISCHER;FS 123-922;Кріплення металеві;31229;>5;>5;UAH
FISCHER;FS 123-923;Кріплення гумові;16.68;>5;>5;UAH
FISCHER;FS 123-924;Кріплення гумові;23986;;4;UAH
FISCHER;FS 123-925;Кріплення гумові;46357;>5;>5;UAH
FISCHER;FS 123-932;Кріплення гумові;14.22;>5;>5;UAH
FISCHER;FS 123-936;Кріплення гумові;30.25;;>5;UAH
FISCHER;FS 123-942;Кріплення гумові;68.18;5;>5;UAH
FISCHER;FS 123-944;Кріплення гумове;87.31;>5;>5;UAH
FISCHER;FS 124-903;Хомут металевий;47.09;;>5;UAH
FISCHER;FS 125-901;Кріплення металеві;16.84;1;;UAH
